-- MySQL Administrator dump 1.4
--
-- ------------------------------------------------------
-- Server version	5.0.51b-community-nt


/*!40101 SET @OLD_CHARACTER_SET_CLIENT=@@CHARACTER_SET_CLIENT */;
/*!40101 SET @OLD_CHARACTER_SET_RESULTS=@@CHARACTER_SET_RESULTS */;
/*!40101 SET @OLD_COLLATION_CONNECTION=@@COLLATION_CONNECTION */;
/*!40101 SET NAMES utf8 */;

/*!40014 SET @OLD_UNIQUE_CHECKS=@@UNIQUE_CHECKS, UNIQUE_CHECKS=0 */;
/*!40014 SET @OLD_FOREIGN_KEY_CHECKS=@@FOREIGN_KEY_CHECKS, FOREIGN_KEY_CHECKS=0 */;
/*!40101 SET @OLD_SQL_MODE=@@SQL_MODE, SQL_MODE='NO_AUTO_VALUE_ON_ZERO' */;


--
-- Create schema db_site_engine
--

CREATE DATABASE /*!32312 IF NOT EXISTS*/ db_site_engine;
USE db_site_engine;

--
-- Table structure for table `db_site_engine`.`blobs`
--

DROP TABLE IF EXISTS `blobs`;
CREATE TABLE `blobs` (
  `Id` bigint(20) unsigned NOT NULL auto_increment,
  `Data` mediumblob,
  `Created` datetime default NULL,
  UNIQUE KEY `Id` (`Id`)
) ENGINE=InnoDB AUTO_INCREMENT=613 DEFAULT CHARSET=latin1;

--
-- Dumping data for table `db_site_engine`.`blobs`
--

/*!40000 ALTER TABLE `blobs` DISABLE KEYS */;
INSERT INTO `blobs` (`Id`,`Data`,`Created`) VALUES 
 (612,0x6956424F5277304B47676F414141414E5355684555674141416741414141494143414D414141444470695449414141436D6C424D564555414141414141414245524542455245422F66333945524542565656564552454245524542455245424552454245524542455245424852305A555646524552454245524542465255564552454245524542415144784552454243516B424953456843516B424E5455314B536B704A5355644E5455314652554E4B536B70505430394E5455314C533074515546424E5455314C5330744B536B6C4D5445784B536B704F546B354E5455314C5330744F546B314B536B6C4E545578505430394A5355684B536B6C4C5330704E5455314A5355644D5445744F546B354B536B704D5445744E5455784B536B6C4F546B354A5355684D5445784953455A4C5330744C533070495345644C5330704C53306C4A5355684D5445784A5355684D5445744A5355684C533070495345644D5445784A5355684D5445744F546B354C5330704D5445784C5330704D5445784C5330744B536B704D5445744E5455314C5330744D5445784F546B354C5330704D5445744D5445744C5330744E5455784E5455314E5455314C5330704D5445784D5445784D5445784F546B354E5455314F546B354E5455314D5445784E5455314C5330704D5445744D5445784D5445784C5330704E5455314D5445784D5445744C5330744D5445744D5445784C5330744D5445784D5445744E5455314D5445784D5445784E5455314D5445784E5455314D5445784D5445784E5455314D5445784E5455314C5330744D5445784C5330744D5445784E5455314C5330744D5445784E5455314C5330744D5445784C5330744D5445784D5445784C5330744D5445784E5455314D5445784D5445784C5330744D5445784E5455314C5330744D5445784E5455314D5445784D5445784E5455314C5330744D5445784E5455314E5455314C5330744E5455314E5455314D5445784E5455314D5445784C5330744E5455314D5445784C5330704C5330744E5455314D5445784C5330744C5330744E5455314E5455314E5455314C5330744E5455314E5455314C5330744D5445784E5455314C5330704E5455314D5445784C5330704D5445784E5455314C5330744C5330744C5330704E5455314D5445784E5455314C5330744D5445784C5330704E5455314C5330744E5455314C5330744C5330744E5455314D5445784E5455314C5330744D5445784E5455314D5445784E5455314C5330744C5330704C5330744E5455784E5455314D5445784E5455784E545530617A3473354141414132335253546C4D414151454341674D44424155474277674A43516B4B4377734D44673850465255584678676148423866494345694979516C4A6967704B6973734C4330744C5334754C6934764C7938774D4441784D5449794D7A4D314E6A63344F546B364F6A73375044772F51454E4552555A4A536B744D543142585746706258463565583242685957526F6233427763584A7A644852306458643365486C376533743866594745685961486949694A696F714C6934794D6A59324E6A6F364F6A342B516B4A47536B704B546C4A57566C5A61576D4A71626D3532676F614F6C707169707137433076623748794D33503064545731397262344F48693475506B354F586D3575666F36657271362B7673374F3375372F4879382F543139666232392F72372F5033392F763663505169794141415336306C4551565234327532642B5A39625A525847593849346D57613063554C634638437442616249556E4658696C62633933315846464651696C616E6933553656416261534B3130744F344C69687575514573526763344D744F344C565953622B372B597A6B79534F2B5074544F374E6539357A7A6E75652F4E596E6E354C63387A30666D6A7A336D33734C42547A775344364B70564B70694D78556C6E774D6E4867674D35556C31324F77584334504670455A796859395878346147696F586B526E4B466A322F716C4B7072436F694D35517465723479504478634B53497A6C42555366797974726C61727130754C6E6B5957646C5963365036355642305A47616B752B5476496773364B673930464B465672746472496B72387A67697A6B72466775647861677548716B567138742B5475316568315A75466C78315642356F4E6A2B664642746251686D5A43717256466F4C304E36463464612F454A695271577A316347566F73503176515757345773574D54475856366E436C33516B4E446C574756324E4770724C574E344C6864696330554236715644416A57316C74704E72756849717442566A5344324A47775765316B6456743571574263686E3872575731376D652B307341672B4A764C45742F3553675067627A7062636E6F494D374B58595237676A336D41502B59422F7067482B474E4734492F4D45503869356D4535572B51456A6D4165357667766467497849327638345154613567386E304859474A394232426966516467596E304859474A394234426966516541596E304867474A3942344269635157637235494D7A4436446C427A4150384D512F77787A7A41482F4D41663877492F4A485A3451386E304851474A78424F594F64354F494677416A456A4F4947596B5A304D54714474444536673751784F6F4F304D54714478444536673851784F6F50454D54714478444534677370547A515A694830584F436D416634597837676A336D41502B59422F7067522B434F7A7778394F6F4F6B4D54694363774D377A63414C6842474A4763414978497A735A6E454462475A784132786D63514E735A6E45446A475A784134786D63514F4D5A6E45446A475A78415A436E6E677A41506F2B63454D512F77787A7A41482F4D41663877442F44456A3845646D687A2B63514E4D5A6E454134675A336E345154434363534D34415269526E59794F4947324D36314F3441732B66506B567263655656322F6576506E714B363949507041746B3333324979382F4A546C5470553767323334627A7A2B6155525131343855505A4D746E427A2B512B4D366E30776B634239652B7375382F736A31546E55356741777A377A4D62624D31587042494A2F33396C2F7A79766F64514C42333048325462314F49506937794735543677534376355073754E5A7A777544764B414E2F34786E3447382F41333367472F73597A3844656536584D43776439707073344A42482B336D54596E455077645A387163515042336E656C79417348666561624B4351522F39356B6D4A78443843544A4654694434553252366E4544774A386E554F49486754354E7063514C426E796854346753435031576D77776B4566374A4D68524D492F6E535A426963512F416B7A3844656567622F784450794E5A2B427650414E2F34356C734A7844387954505254694434303265536E5544773935414A64674C423330636D31776B4566792B5A574363512F50316B557031413850655543585543776439584A744D4A424839766D55676E45507A395A524B64515044336D416C30417348665A7962504351522F72356B344A7844382F5762536E45447739357942762F454D2F49316E3447383841332F6A476667627A2B5134676544506B6F6C78417347664A3550694249492F557962454351522F726B794745776A2B624A6B494A7844382B54494A546944344D3259436E45447735387A346E5544775A3833596E55434A2F502F3837586539386C58762F745A6650622F754C7A2F2B787065392F684F2F3848753833453667525034335057582B2F5433755A702B762B3664334C4D7A6C7A6666365046356D4A3141692F79393033312F44332B764F724F764D35576D33657A7865586964514F502F754736546E66325A694C74304E434E774A464D2B2F2F52623938753975514F424F6F414C2B38322F534E2F2F3242675475424B7267662B4A742B75632F767747424F34464B2B42644B55777A384334585462672F63435654447631592F774D432F554472376A71436451455838362F5570427636312B6E5075434E674A6C4D682F78386E6663344F512F3971547A7572736778356D774F4D454B754F666249543838612B56546A744950774D574A31416466374A4F63466E2B72552B4342386C6E774F45454B75525031416D7577442B3541514535675372356B3353434B2F4C76626B4241547142532F675364344A473150637A7639494F304D2F4475424B726C3737775437496E2F2F4159453541517135752B34452B79522F346B4E434D674A6C4D6A2F69373066787745472F6F58534F58634734775171352B2B7745387A417631592F2F3835416E4544312F4A313167706E34312B766E48434B626755386E4D41442B6A6A72426A50787270644D50556333416F784D594248386E6E57426D2F713150676F65495A7544504351794576344E4F384D696148505072626F42534A7A41592F6E313367726E344677706E48434B5A6753386E4D43442B665861434F666D334E304370457867552F37343677647A38357A644171524D6F6B663945503863327863432F745147486C5471427766485033516E3278623951757541756C5535676750787A646F4C3372756C7A706866657064414A444A4A2F726B3677622F37312B67574831546D4267664C5030516B36344638726E5846596D524D594C502F4D6E6141542F6F584330772B726367494435702B784533544550376B4243707A416F506C6E36675364386539756741496E55434C2F47317A2B33714842774C2B31415863726351496C38762F5A7155352F3739426A4A336A767335332B7A7562564436747741695879662F696C6A6E2F764D735841763144346B51596E554F5431333235782F6E756E41777A38433239513441544B765037664876652F643572797A372F30324166464F344643722F2B3469654433546733762F47763159394B64514B6E582F2F773878652B6447743735312F386C33416B55652F3358483550343773743067766551384C395175424D6F392F712F6633773079545577476E3735317A664C6467496C582F2F35537070726F445338386E2F5333614B64514E48582F2F376E5332697567644C77794C39326B32676E55506A313332664F704C6B4754734D662F2F32696E554478312F39663241446E624B5930386F2F7338562F5941414932427854796A777A796E397341456A614C4F7346376E71574266325352663273447A715735426C354448582F48547143612B2F2F4D586B787A446253474E7635756E55424639332B617662684732516D7134652F55435652312F362F5A63306B632B506B68364F487630676C5564762B3354682F6776684E55784E2B6845366A752F6E2B4A44584462435772693738344A56486A2F5236704F38496D4B2B44747A416C58652F354F7145315445333555547150542B723153646F42372B6A7078417466662F70656F45316642333477517176762F7A7A4B674B2F6A65537A63434645366A362F742B7A47307A7A642B45454B722F2F2B2B7747792F77644F49484B2B556652374B68682F763037676572354E2B4F5A74586235392B30454273412F546D36414E6634782B4D664A4454444876776E2B79513277787A38432F385147474F51666758393341797A796A3842666343666F67583866546D42672F415632676A373435336343672B4D7672685030776A2B3345786767663247646F422F2B655A334149506B3334794E794F73477665707042506963775550357863674E73384D2F6E4241624C5037454252766A6E6367494435742F5A41437638387A694251664E663241417A2F484D346759487A6E3973414F2F797A4F34484238323974774B67642F706D64514150383433683667786E2B575A3141452F7962306651474B2F777A4F6F46472B456652394B67522F746D635144503832547042372F777A4F5947472B444E3167763735782B417671424E6B344E38452F354E33676D733838392F4C63627A677630776E75435A382F6848344C39634A72676D656677542B793361435A34584F7630636E30436A2F4F4A362B4B48442B76546D425A766B336F2B6D4C777562666B784E6F6D483855545A38564E5039656E4544542F4A767462344F4238752F4243667930626635786367504334372B79452F694D343862354A7A5967515034724F3448377A504D6E376752352B612F73424E344B2F7153644944502F6C5A334166344D2F5A5366497A58396C4A2F41342B4D387451496E3848694D3878376169452F67373843666B76384A3968324D425475416B2B465079582F612B773745454A2F43704434442F47744A7A676733573431335A4366776B2B424F6645323577486D38505475424F3843632B4A397867504E35656E4D43643445393854726A42643777394F59466A34453938546E694B3758683763774C48774A2F346E5041427275507430516B6341332F6963384A54544D666236335543783843662B486369544A31677A39634A48414E2F34742B4A384853437656386E63417A386958386E7774494A5A72684F34426A34452F394F684B4D547A484B64774A33674831346E6D4F6B36675476425037684F4D4E7431416E654366326964594D62724249364266324364594E62724249364266316964594F62724249364266314364594F62724249626643544C7A3939774A5A72314F595069644944742F7635316749636539673866415035784F4D4E6539673866415035684F4D4E2B39673638422F314136775A7A33447234472F415070425050654F2F676138412B6A45387839372B4174344239454A356A2F3373466277442B455472435065776476416638414F73452B37683363325144775639774A35723933634763447746397A4A39693745356A3258726541762F5A4F4D494D546D505A657434432F386B347769784D596243636F6D4439354A356A4A435179304578544E6E376F547A4F594542746B4A4375645033416C6D644149443741544638366674424C4D3667634631676772346B3361436D5A334177447042466677704F384873546D42516E6141532F6F53645941346E4D4B424F5541312F756B34776A784D595443656F6944395A4A356A4C43557A4C746F4A2F4F337579706B34776E784D59524364497858382F315431475344724255713165722F647A5472696266516E38352F6A5433574F456F684E307831395A4A306A496E2B346549773142546D4261746858383937662F38316F36515A66385433775342502F45426D6A6F424A337954323641626635303978687833516D3635642F64414F76385779387971714954374D734A544D753267762F4359337144686B3677507963774C64734B2F6775764F3731425153665970784F6F73425030786A2B4B706B666C64344C394F6F48714F73472F7266504776786B6657557654435835506B424F6F72524F383143502F4F4C6B424C6C2F334D6238583541547136675476663552502F6F6B4E634C74336C307479416C5631676A2F7779372B7A4159372F76334F614B436451557966344F632F383433686D4C55556E2B486452547143695476425476766E50625944377A7833485A446D42656A72423637337A623232412B3037773851384B63774C5664494B332B4F63667837504F4F38473369334D43745853434434333635392B4D5A6C3133676A2B523577536D5A647345646F492F5038552F2F796961506463702F37632B4A4E414A544D75754664674A376D50673334786E7A6E54492F38585449703341744F7836675A33676267622B635849442B75622F4236464F594670327263424F634463442F385147694F4C664A4F5A664B32305432416E755A7544663251425A2F434E712F69632B436372724248637A38462F594147483849334C2B79513251383531674E77502F7551336F39335666364A682F524D2B2F75774753766850755A2B4466326F44313076693764774C54736D30434F3847764D66435034396D4E777667544F494670325461426E65422B4276374E6148616A4C50345554714357546E4353675838557A6137507A2F387567726C514F4946614F73464A4276374E654761644A50343054714357546E435367582B633341422B2F6B524F6F4A5A4F634A4B426632494473727A7538326E34557A6D42576A72425351622B63587A664F6A4838795A78414C5A33674A41502F68513051775A2F4F4364545343553479384A2F6241426E38435A31414C5A33676A517A385778757758675A2F53696451537965346E34462F48422F644B49492F71524F596C6D305832416C2B6859462F4D7A713655514A2F576963774C647375734250637863412F696F36754638436632416C4D7936345432416E75597544666A4F38376A35382F74524F596C75305232416E75597541664A7A66675A4B39374954482F32442F2F65763036675A33674C67622B695131673439396B344638726252665943653569344E2F5A4144372B4551662F2B653843306A716858517A38467A61416B582F45776A2B3541584B2B452B786934442B33415A7A384978372B33513251394A31774C77502F3167593837325438372F51784179394F594671325857416E75492B4266787766753453527679636E5545736E754A6542667A4D3664676B666631394F6F4A5A4F63494B42667851646539372F7A657038542F79394F5946614F73454A4276374E2B50377A75506A3763774B316449495444507A6A3541623435652F524364545343553477384539736747662B50703141665A336771562F33393772335039663735372F6B416E687841725630676A632F5966373950664F6E506C2F334C2B392F78507863336E5055352F463664514B3164494C2F2B4F373758765061442F377741632B762B3575725876654B74337A6D5633365031363854714B55544E4A523564674B3164494A324D74394F5946713241787A344D75394F5946713241787A594D76394F5946713242327934736C4B745871397A6E5250755A6C384747365A4D4276393666512F59384752432B4E644B4F3843474A5A5043662F3637414E68347A3854775432344132506A4C3550447662674459654D7A596E4D433062416659654D2F346E45423067694979526963516E6143456A4E4D4A5243636F49474E314174454A386D6538546941365166614D32516C454A386964635475423641535A4D33596E454A306762386276424B49545A4D30454F49467032546A59654D6F6B4F49467032546A592B4D6C454F49467032546A5978486163774C5473427641793541536D5A587642793541546D4A6264414636476E4D4330624279387944504A2F4E76664273474C4D42504E50376B423442572B453569576A594D586253624B4355516E36442B5435515369452F536543584D4330516E367A7151356765674572547542364153744F34486F424B30376765674572547542364151395A694B64514853432F6A4B5A546D42614E674665464A6C514A7A41746D774176676B797145356957545943582B3079734535695754594258624D634A544D7632677145684A7A41743277654768707A41744777764742707941744F79435442306D6D6E6A332B3044774E424A706F352F636750414D48776E454A3067635362654355516E534A764A64774C52435A4A6D4370784164494B556D51596E454A3267645363516E53425A646C79484534684F6B43713756596B54694536514B507547466963516E53424A397038316170784164494955325A6143486963774C647343686E316C337A6D6C6F4D674A544D7665394774777A5A3364397337755446553467616E5A3276642B374B704E6D7A5A6464646C486B342F4C6B4B3251586671684679566E71734D4A524F596A6B2B774549764F53595237676A336D41502B59422F7067482B474E4734492F4D45503869356D4535552B4D45497150687238634A5245624258354D54694D77396631314F49444C586D54596E454A6E62544A3854694D786C7074454A524F5975302B6B45496E4F574B5855436B626E4B744471427942786C657031415A4534794F49484955733448595235477A776C69487543506559412F3567482B6D416634593062676A38774F667A6942706A4D34675841434F382F444359515469426E424363534D37475277416D316E63414A745A33414362576477416F316E63414B4E5A3341436A576477416F316E63414B52705A7750776A794D6E685045504D41663877422F7A4150384D512F7778347A4148356B642F6E41435457647741754545647036484577676E45444F434534675A32636E67424E724F344154617A7541453273376742427250344151617A2B414547732F674242725034415169537A6B6668486B59505365496559412F3567482B6D416634597837676A786D42507A49372F4F45456D733767424D494A374477504A78424F494759454A78417A737050424362536477516D306E63454A744A33424354536577516B306E73454A4E4A37424354536577516C456C6E492B43504D77656B34513877422F7A415038352F71425775736259676D5A6F577878507A67794D724B3045305957644C62342F454331576C336143534D4C4F6B732B697058683465464B455A6D684C506B64734C697155716B7336595352425A346C6E4D42696557686F61456B6E6A437A774C4F45454667664C35664C6730756552425A3531463244677847504A68774A6B345766746C5369575371586930672B467941786B2F774F47356E373475463342654141414141424A52553545726B4A6767673D3D,'2015-09-05 14:42:01');
/*!40000 ALTER TABLE `blobs` ENABLE KEYS */;


--
-- Table structure for table `db_site_engine`.`fields`
--

DROP TABLE IF EXISTS `fields`;
CREATE TABLE `fields` (
  `Id` bigint(20) unsigned NOT NULL auto_increment,
  `ItemId` bigint(20) default NULL,
  `Language` varchar(50) default NULL,
  `Version` int(11) default NULL,
  `FieldId` bigint(20) default NULL,
  `Value` varchar(700) NOT NULL default '',
  `Created` datetime default NULL,
  `Updated` datetime default NULL,
  UNIQUE KEY `Id` (`Id`)
) ENGINE=InnoDB AUTO_INCREMENT=996 DEFAULT CHARSET=latin1;

--
-- Dumping data for table `db_site_engine`.`fields`
--

/*!40000 ALTER TABLE `fields` DISABLE KEYS */;
INSERT INTO `fields` (`Id`,`ItemId`,`Language`,`Version`,`FieldId`,`Value`,`Created`,`Updated`) VALUES 
 (17,72,'en',1,78,'','2015-05-29 19:29:30','2015-05-29 19:29:30'),
 (33,79,'en',1,82,'field2_valuegregre32342','2015-06-17 16:02:59','2015-06-17 16:02:59'),
 (36,83,'en',1,73,'','2015-06-18 13:28:26','2015-06-18 13:28:26'),
 (38,86,'en',1,78,'76|77','2015-06-18 18:44:15','2015-06-18 18:44:15'),
 (39,86,'en',1,80,'79|72','2015-06-18 18:44:15','2015-06-18 18:44:15'),
 (40,86,'en',1,81,'renderings_standart','2015-06-18 18:44:15','2015-06-18 18:44:15'),
 (41,86,'en',1,82,'field2_value_test2','2015-06-18 18:44:16','2015-06-18 18:44:16'),
 (42,74,'en',1,80,'79|72','2015-06-18 18:44:16','2015-06-18 18:44:16'),
 (43,74,'en',1,78,'76|77','2015-06-18 18:44:16','2015-06-18 18:44:16'),
 (44,4,'en',1,78,'76|77|97','2015-06-19 15:52:48','2015-06-19 15:52:48'),
 (45,4,'en',1,80,'72','2015-06-19 15:52:48','2015-06-19 15:52:48'),
 (46,4,'en',1,81,'null','2015-06-19 15:52:49','2015-06-19 15:52:49'),
 (47,4,'en',1,82,'field2_value','2015-06-19 15:52:49','2015-06-19 15:52:49'),
 (48,4,'en',1,98,'null','2015-06-19 15:52:49','2015-06-19 15:52:49');
INSERT INTO `fields` (`Id`,`ItemId`,`Language`,`Version`,`FieldId`,`Value`,`Created`,`Updated`) VALUES 
 (49,4,'en',1,99,'null','2015-06-19 15:52:49','2015-06-19 15:52:49'),
 (50,103,'en',1,101,'./SiteEngine/Site/layouts/Sample Layout.html','2015-06-19 16:04:46','2015-06-19 16:04:46'),
 (51,103,'en',1,102,'null','2015-06-19 16:04:46','2015-06-19 16:04:46'),
 (52,84,'en',1,78,'76|77','2015-06-19 16:09:18','2015-06-19 16:09:18'),
 (53,84,'en',1,80,'348|285|128|105|72|','2015-06-19 16:09:18','2015-06-19 16:09:18'),
 (54,84,'en',1,81,'{\"layout\":{\"name\":\"mainLayout\",\"id\":127},\"subLayouts\":[]}','2015-06-19 16:09:18','2015-06-19 16:09:18'),
 (55,84,'en',1,82,'field2_value323','2015-06-19 16:09:18','2015-06-19 16:09:18'),
 (56,84,'en',1,98,'null','2015-06-19 16:09:18','2015-06-19 16:09:18'),
 (57,84,'en',1,99,'null','2015-06-19 16:09:18','2015-06-19 16:09:18'),
 (59,75,'en',1,98,'null','2015-06-19 16:10:53','2015-06-19 16:10:53'),
 (60,75,'en',1,99,'null','2015-06-19 16:10:53','2015-06-19 16:10:53'),
 (62,97,'en',1,80,'79|72','2015-06-19 16:11:26','2015-06-19 16:11:26');
INSERT INTO `fields` (`Id`,`ItemId`,`Language`,`Version`,`FieldId`,`Value`,`Created`,`Updated`) VALUES 
 (63,97,'en',1,81,'renderings_standart','2015-06-19 16:11:26','2015-06-19 16:11:26'),
 (68,105,'en',1,82,'field2_value','2015-06-19 16:16:24','2015-06-19 16:16:24'),
 (69,108,'en',1,78,'76|77','2015-06-19 16:27:21','2015-06-19 16:27:21'),
 (70,108,'en',1,80,'75|72','2015-06-19 16:27:21','2015-06-19 16:27:21'),
 (71,108,'en',1,81,'{\"layoutId\":103,\"subLayouts\":[{\"id\":109,\"placeholder\":\"main\"},{\"id\":110,\"placeholder\":\"main_content\"}]}','2015-06-19 16:27:21','2015-06-19 16:27:21'),
 (72,108,'en',1,82,'field2_value','2015-06-19 16:27:21','2015-06-19 16:27:21'),
 (73,108,'en',1,106,'Title_test','2015-06-19 16:27:21','2015-06-19 16:27:21'),
 (74,108,'en',1,107,'Text_test','2015-06-19 16:27:21','2015-06-19 16:27:21'),
 (83,5,'en',1,78,'76|77','2015-07-14 09:20:30','2015-07-14 09:20:30'),
 (84,5,'en',1,80,'100|72','2015-07-14 09:20:30','2015-07-14 09:20:30'),
 (85,5,'en',1,81,'null','2015-07-14 09:20:30','2015-07-14 09:20:30'),
 (86,126,'en',1,78,'76|77','2015-07-14 09:22:01','2015-07-14 09:22:01');
INSERT INTO `fields` (`Id`,`ItemId`,`Language`,`Version`,`FieldId`,`Value`,`Created`,`Updated`) VALUES 
 (87,126,'en',1,80,'100|72','2015-07-14 09:22:33','2015-07-14 09:22:33'),
 (88,126,'en',1,81,'null','2015-07-14 09:22:36','2015-07-14 09:22:36'),
 (89,127,'en',1,101,'./SiteEngine/Site/layouts/Iwith.org/mainLayout.html','2015-07-14 09:29:37','2015-07-14 09:29:37'),
 (90,127,'en',1,102,'null','2015-07-14 09:29:39','2015-07-14 09:29:39'),
 (91,135,'en',1,78,'76|77','2015-07-15 12:03:38','2015-07-15 12:03:38'),
 (92,135,'en',1,80,'131|75|72','2015-07-15 12:03:38','2015-07-15 12:03:38'),
 (93,135,'en',1,81,'null','2015-07-15 12:03:38','2015-07-15 12:03:38'),
 (94,136,'en',1,78,'76|77','2015-07-15 12:04:18','2015-07-15 12:04:18'),
 (95,136,'en',1,80,'131|75|72','2015-07-15 12:04:18','2015-07-15 12:04:18'),
 (96,136,'en',1,81,'null','2015-07-15 12:04:18','2015-07-15 12:04:18'),
 (97,137,'en',1,78,'76|77','2015-07-15 12:04:59','2015-07-15 12:04:59'),
 (98,137,'en',1,80,'null','2015-07-15 12:04:59','2015-07-15 12:04:59'),
 (99,137,'en',1,81,'null','2015-07-15 12:04:59','2015-07-15 12:04:59');
INSERT INTO `fields` (`Id`,`ItemId`,`Language`,`Version`,`FieldId`,`Value`,`Created`,`Updated`) VALUES 
 (100,137,'en',1,132,'Organisation','2015-07-15 12:04:59','2015-07-15 12:04:59'),
 (101,137,'en',1,133,'The iWith.org Foundation is a non-profit organisation with an international scope founded in 2001 to participate actively in the development of the most disadvantaged regions and populations, offering active assistance to take advantage of the opportunities offered by the internet and the organisations.  iWith.org is a pioneer in Internet-based training with the Ab-soo “sharing for education” programme which had the participation of organisations from Mexico, Guatemala, Dominican Republic and Ecuador.  Using its own technology, iWith.org has developed Ab-core, a platform of services which are being used by hundreds of organisations to manage their internet projects and online working.','2015-07-15 12:04:59','2015-07-15 12:04:59'),
 (102,137,'en',1,134,'http://www.iwith.org/mm/image/web2013/voluntarios.jpg','2015-07-15 12:04:59','2015-07-15 12:04:59'),
 (103,145,'en',1,78,'76|77','2015-07-20 12:18:16','2015-07-20 12:18:16');
INSERT INTO `fields` (`Id`,`ItemId`,`Language`,`Version`,`FieldId`,`Value`,`Created`,`Updated`) VALUES 
 (104,145,'en',1,80,'142|75|72','2015-07-20 12:18:17','2015-07-20 12:18:17'),
 (105,145,'en',1,81,'null','2015-07-20 12:18:17','2015-07-20 12:18:17'),
 (106,146,'en',1,78,'null','2015-07-20 12:19:10','2015-07-20 12:19:10'),
 (107,146,'en',1,143,'Internet consulting222','2015-07-20 12:19:10','2015-07-20 12:19:10'),
 (108,146,'en',1,144,'http://www.iwith.org//en/soluciones/consultoria_internet.html','2015-07-20 12:19:10','2015-07-20 12:19:10'),
 (109,147,'en',1,78,'null','2015-07-20 12:19:55','2015-07-20 12:19:55'),
 (110,147,'en',1,143,'Working online','2015-07-20 12:19:55','2015-07-20 12:19:55'),
 (111,147,'en',1,144,'http://www.iwith.org/en/soluciones/oficinavirtual.html','2015-07-20 12:19:55','2015-07-20 12:19:55'),
 (112,156,'en',1,150,'string','2015-07-22 18:54:32','2015-07-22 18:54:32'),
 (115,75,'en',1,78,'76|77','2015-07-24 15:50:10','2015-07-24 15:50:10'),
 (116,73,'en',1,78,'76|77','2015-07-24 16:45:43','2015-07-24 16:45:43'),
 (117,73,'en',1,80,'161|75|72','2015-07-24 16:45:43','2015-07-24 16:45:43');
INSERT INTO `fields` (`Id`,`ItemId`,`Language`,`Version`,`FieldId`,`Value`,`Created`,`Updated`) VALUES 
 (118,73,'en',1,81,'null','2015-07-24 16:45:43','2015-07-24 16:45:43'),
 (240,136,'en',1,78,'76|77','2015-07-29 13:50:19','2015-07-29 13:50:19'),
 (241,135,'en',1,78,'76|77','2015-07-29 13:51:31','2015-07-29 13:51:31'),
 (242,135,'en',1,78,'76|77','2015-07-29 13:51:34','2015-07-29 13:51:34'),
 (243,135,'en',1,78,'76|77','2015-07-29 14:02:05','2015-07-29 14:02:05'),
 (287,324,'en',1,150,'string','2015-07-31 16:54:22','2015-07-31 16:54:22'),
 (288,325,'en',1,150,'string','2015-07-31 16:54:22','2015-07-31 16:54:22'),
 (483,326,'en',1,324,'f11','2015-08-03 15:19:13','2015-08-03 15:19:13'),
 (484,326,'en',1,325,'f22','2015-08-03 15:19:13','2015-08-03 15:19:13'),
 (485,326,'en',1,78,'76|77|79','2015-08-03 15:19:13','2015-08-03 15:19:13'),
 (486,326,'en',1,80,'1111','2015-08-03 15:19:14','2015-08-03 15:19:14'),
 (487,326,'en',1,81,'2222','2015-08-03 15:19:14','2015-08-03 15:19:14'),
 (488,326,'en',2,324,'f11_222','2015-08-03 15:21:03','2015-08-03 15:21:03'),
 (489,326,'en',2,325,'f22_222','2015-08-03 15:21:03','2015-08-03 15:21:03');
INSERT INTO `fields` (`Id`,`ItemId`,`Language`,`Version`,`FieldId`,`Value`,`Created`,`Updated`) VALUES 
 (490,326,'en',2,78,'76|77|79|22','2015-08-03 15:21:03','2015-08-03 15:21:03'),
 (491,326,'en',2,80,'1111_222','2015-08-03 15:21:03','2015-08-03 15:21:03'),
 (492,326,'en',2,81,'2222_222','2015-08-03 15:21:03','2015-08-03 15:21:03'),
 (493,326,'en',3,324,'f11_333','2015-08-03 15:23:39','2015-08-03 15:23:39'),
 (494,326,'en',3,325,'f22_333','2015-08-03 15:23:39','2015-08-03 15:23:39'),
 (495,326,'en',3,78,'76|77|79|33','2015-08-03 15:23:39','2015-08-03 15:23:39'),
 (496,326,'en',3,80,'1111_333','2015-08-03 15:23:39','2015-08-03 15:23:39'),
 (497,326,'en',3,81,'{\"layout\":{\"name\":\"mainLayout\",\"id\":127},\"subLayouts\":[]}','2015-08-03 15:23:39','2015-08-03 15:23:39'),
 (548,331,'en',2,78,'76|77','2015-08-03 17:04:23','2015-08-03 17:04:23'),
 (549,331,'en',2,80,'null','2015-08-03 17:04:23','2015-08-03 17:04:23'),
 (550,331,'en',2,81,'{\"layout\":{\"name\":\"mainLayout\",\"id\":128},\"subLayouts\":[]}','2015-08-03 17:04:23','2015-08-03 17:04:23'),
 (551,135,'en',2,78,'76|77|78','2015-08-12 17:53:21','2015-08-12 17:53:21');
INSERT INTO `fields` (`Id`,`ItemId`,`Language`,`Version`,`FieldId`,`Value`,`Created`,`Updated`) VALUES 
 (552,135,'en',2,80,'131|75|72','2015-08-12 17:53:21','2015-08-12 17:53:21'),
 (553,135,'en',2,81,'null','2015-08-12 17:53:21','2015-08-12 17:53:21'),
 (556,337,'en',1,78,'76|77','2015-08-14 13:37:58','2015-08-14 13:37:58'),
 (557,337,'en',1,80,'338','2015-08-14 13:37:58','2015-08-14 13:37:58'),
 (558,337,'en',1,81,'null','2015-08-14 13:37:58','2015-08-14 13:37:58'),
 (559,339,'en',1,150,'string','2015-08-14 13:42:31','2015-08-14 13:42:31'),
 (560,340,'en',1,150,'string','2015-08-14 13:42:31','2015-08-14 13:42:31'),
 (566,342,'en',1,339,'null','2015-08-14 13:43:53','2015-08-14 13:43:53'),
 (567,342,'en',1,340,'null','2015-08-14 13:43:53','2015-08-14 13:43:53'),
 (568,342,'en',1,78,'76|77','2015-08-14 13:43:53','2015-08-14 13:43:53'),
 (569,342,'en',1,80,'null','2015-08-14 13:43:53','2015-08-14 13:43:53'),
 (570,342,'en',1,81,'null','2015-08-14 13:43:53','2015-08-14 13:43:53'),
 (571,343,'en',1,339,'null','2015-08-14 13:43:58','2015-08-14 13:43:58'),
 (572,343,'en',1,340,'null','2015-08-14 13:43:58','2015-08-14 13:43:58');
INSERT INTO `fields` (`Id`,`ItemId`,`Language`,`Version`,`FieldId`,`Value`,`Created`,`Updated`) VALUES 
 (573,343,'en',1,78,'76|77','2015-08-14 13:43:58','2015-08-14 13:43:58'),
 (574,343,'en',1,80,'null','2015-08-14 13:43:58','2015-08-14 13:43:58'),
 (575,343,'en',1,81,'null','2015-08-14 13:43:58','2015-08-14 13:43:58'),
 (576,344,'en',1,339,'null','2015-08-14 13:44:04','2015-08-14 13:44:04'),
 (577,344,'en',1,340,'null','2015-08-14 13:44:04','2015-08-14 13:44:04'),
 (578,344,'en',1,78,'76|77','2015-08-14 13:44:04','2015-08-14 13:44:04'),
 (579,344,'en',1,80,'null','2015-08-14 13:44:04','2015-08-14 13:44:04'),
 (580,344,'en',1,81,'null','2015-08-14 13:44:04','2015-08-14 13:44:04'),
 (581,345,'en',1,339,'null','2015-08-14 13:44:12','2015-08-14 13:44:12'),
 (582,345,'en',1,340,'null','2015-08-14 13:44:12','2015-08-14 13:44:12'),
 (583,345,'en',1,78,'76|77','2015-08-14 13:44:12','2015-08-14 13:44:12'),
 (584,345,'en',1,80,'null','2015-08-14 13:44:12','2015-08-14 13:44:12'),
 (585,345,'en',1,81,'null','2015-08-14 13:44:12','2015-08-14 13:44:12'),
 (586,346,'en',1,339,'null','2015-08-14 13:44:23','2015-08-14 13:44:23');
INSERT INTO `fields` (`Id`,`ItemId`,`Language`,`Version`,`FieldId`,`Value`,`Created`,`Updated`) VALUES 
 (587,346,'en',1,340,'null','2015-08-14 13:44:23','2015-08-14 13:44:23'),
 (588,346,'en',1,78,'76|77','2015-08-14 13:44:23','2015-08-14 13:44:23'),
 (589,346,'en',1,80,'null','2015-08-14 13:44:23','2015-08-14 13:44:23'),
 (590,346,'en',1,81,'null','2015-08-14 13:44:23','2015-08-14 13:44:23'),
 (591,347,'en',1,339,'null','2015-08-14 13:44:33','2015-08-14 13:44:33'),
 (592,347,'en',1,340,'null','2015-08-14 13:44:33','2015-08-14 13:44:33'),
 (593,347,'en',1,78,'76|77','2015-08-14 13:44:33','2015-08-14 13:44:33'),
 (594,347,'en',1,80,'null','2015-08-14 13:44:33','2015-08-14 13:44:33'),
 (595,347,'en',1,81,'null','2015-08-14 13:44:33','2015-08-14 13:44:33'),
 (596,349,'en',1,150,'342','2015-08-14 14:57:30','2015-08-14 14:57:30'),
 (597,350,'en',1,150,'343','2015-08-14 14:57:30','2015-08-14 14:57:30'),
 (598,351,'en',1,150,'344','2015-08-14 15:28:26','2015-08-14 15:28:26'),
 (599,352,'en',1,349,'Single-Line11111','2015-08-14 15:29:56','2015-08-14 15:29:56'),
 (600,352,'en',1,350,'Integer1111','2015-08-14 15:29:56','2015-08-14 15:29:56');
INSERT INTO `fields` (`Id`,`ItemId`,`Language`,`Version`,`FieldId`,`Value`,`Created`,`Updated`) VALUES 
 (601,352,'en',1,351,'Rich Text1111','2015-08-14 15:29:56','2015-08-14 15:29:56'),
 (602,352,'en',1,78,'76|77','2015-08-14 15:29:56','2015-08-14 15:29:56'),
 (603,352,'en',1,80,'null','2015-08-14 15:29:56','2015-08-14 15:29:56'),
 (604,352,'en',1,81,'null','2015-08-14 15:29:56','2015-08-14 15:29:56'),
 (605,2000,'en',1,78,'76|77','2015-08-27 13:18:59','2015-08-27 13:18:59'),
 (606,2000,'en',1,80,'2003|72','2015-08-27 13:18:59','2015-08-27 13:18:59'),
 (607,2000,'en',1,81,'null','2015-08-27 13:18:59','2015-08-27 13:18:59'),
 (608,70,'en',1,78,'76|77','2015-08-27 13:20:23','2015-08-27 13:20:23'),
 (609,70,'en',1,80,'72','2015-08-27 13:20:23','2015-08-27 13:20:23'),
 (610,70,'en',1,81,'null','2015-08-27 13:20:23','2015-08-27 13:20:23'),
 (611,2001,'en',1,78,'76|77','2015-08-27 13:32:05','2015-08-27 13:32:05'),
 (612,2001,'en',1,80,'75','2015-08-27 13:32:05','2015-08-27 13:32:05'),
 (613,2001,'en',1,81,'null','2015-08-27 13:32:05','2015-08-27 13:32:05'),
 (617,2004,'en',1,150,'342','2015-08-27 13:39:39','2015-08-27 13:39:39');
INSERT INTO `fields` (`Id`,`ItemId`,`Language`,`Version`,`FieldId`,`Value`,`Created`,`Updated`) VALUES 
 (618,2005,'en',1,150,'343','2015-08-27 13:39:39','2015-08-27 13:39:39'),
 (619,2006,'en',1,150,'343','2015-08-27 13:39:39','2015-08-27 13:39:39'),
 (620,2007,'en',1,150,'342','2015-08-27 13:39:39','2015-08-27 13:39:39'),
 (698,2019,'en',1,2004,'null','2015-09-01 10:05:44','2015-09-01 10:05:44'),
 (699,2019,'en',1,2005,'null','2015-09-01 10:05:44','2015-09-01 10:05:44'),
 (700,2019,'en',1,2006,'null','2015-09-01 10:05:44','2015-09-01 10:05:44'),
 (701,2019,'en',1,2007,'null','2015-09-01 10:05:44','2015-09-01 10:05:44'),
 (702,2019,'en',1,78,'76|77','2015-09-01 10:05:44','2015-09-01 10:05:44'),
 (703,2019,'en',1,80,'null','2015-09-01 10:05:47','2015-09-01 10:05:47'),
 (704,2020,'en',1,2004,'null','2015-09-01 10:05:47','2015-09-01 10:05:47'),
 (705,2019,'en',1,81,'null','2015-09-01 10:05:47','2015-09-01 10:05:47'),
 (706,2020,'en',1,2005,'null','2015-09-01 10:05:50','2015-09-01 10:05:50'),
 (707,2021,'en',1,2004,'/SiteEngine/Site/media/TEST','2015-09-01 10:30:49','2015-09-01 10:30:49');
INSERT INTO `fields` (`Id`,`ItemId`,`Language`,`Version`,`FieldId`,`Value`,`Created`,`Updated`) VALUES 
 (708,2021,'en',1,2005,'null','2015-09-01 10:30:49','2015-09-01 10:30:49'),
 (709,2021,'en',1,2006,'null','2015-09-01 10:30:49','2015-09-01 10:30:49'),
 (710,2021,'en',1,2007,'null','2015-09-01 10:30:49','2015-09-01 10:30:49'),
 (711,2021,'en',1,78,'76|77','2015-09-01 10:30:49','2015-09-01 10:30:49'),
 (712,2021,'en',1,80,'null','2015-09-01 10:30:49','2015-09-01 10:30:49'),
 (713,2021,'en',1,81,'null','2015-09-01 10:30:49','2015-09-01 10:30:49'),
 (714,2022,'en',1,2004,'/SiteEngine/Site/media/TEST','2015-09-01 10:38:12','2015-09-01 10:38:12'),
 (715,2022,'en',1,2005,'null','2015-09-01 10:38:12','2015-09-01 10:38:12'),
 (716,2022,'en',1,2006,'null','2015-09-01 10:38:12','2015-09-01 10:38:12'),
 (717,2022,'en',1,2007,'null','2015-09-01 10:38:12','2015-09-01 10:38:12'),
 (718,2022,'en',1,78,'76|77','2015-09-01 10:38:12','2015-09-01 10:38:12'),
 (719,2022,'en',1,80,'null','2015-09-01 10:38:12','2015-09-01 10:38:12'),
 (720,2022,'en',1,81,'null','2015-09-01 10:38:12','2015-09-01 10:38:12');
INSERT INTO `fields` (`Id`,`ItemId`,`Language`,`Version`,`FieldId`,`Value`,`Created`,`Updated`) VALUES 
 (721,2023,'en',1,2004,'/SiteEngine/Site/media/TEST','2015-09-01 10:40:06','2015-09-01 10:40:06'),
 (722,2023,'en',1,2005,'null','2015-09-01 10:40:06','2015-09-01 10:40:06'),
 (723,2023,'en',1,2006,'null','2015-09-01 10:40:06','2015-09-01 10:40:06'),
 (724,2023,'en',1,2007,'null','2015-09-01 10:40:06','2015-09-01 10:40:06'),
 (725,2023,'en',1,78,'76|77','2015-09-01 10:40:06','2015-09-01 10:40:06'),
 (726,2023,'en',1,80,'null','2015-09-01 10:40:06','2015-09-01 10:40:06'),
 (727,2023,'en',1,81,'null','2015-09-01 10:40:06','2015-09-01 10:40:06'),
 (749,2027,'en',1,150,'2058','2015-09-04 10:39:28','2015-09-04 10:39:28'),
 (750,2028,'en',1,2004,'null','2015-09-04 10:40:37','2015-09-04 10:40:37'),
 (751,2028,'en',1,2005,'null','2015-09-04 10:40:37','2015-09-04 10:40:37'),
 (752,2028,'en',1,2006,'null','2015-09-04 10:40:37','2015-09-04 10:40:37'),
 (753,2028,'en',1,2007,'null','2015-09-04 10:40:37','2015-09-04 10:40:37'),
 (754,2028,'en',1,2027,'null','2015-09-04 10:40:37','2015-09-04 10:40:37');
INSERT INTO `fields` (`Id`,`ItemId`,`Language`,`Version`,`FieldId`,`Value`,`Created`,`Updated`) VALUES 
 (755,2028,'en',1,78,'76|77','2015-09-04 10:40:37','2015-09-04 10:40:37'),
 (756,2028,'en',1,80,'null','2015-09-04 10:40:37','2015-09-04 10:40:37'),
 (757,2028,'en',1,81,'null','2015-09-04 10:40:37','2015-09-04 10:40:37'),
 (902,2058,'en',1,339,'null','2015-09-05 11:16:44','2015-09-05 11:16:44'),
 (903,2058,'en',1,340,'null','2015-09-05 11:16:44','2015-09-05 11:16:44'),
 (904,2058,'en',1,78,'76|77','2015-09-05 11:16:44','2015-09-05 11:16:44'),
 (905,2058,'en',1,80,'null','2015-09-05 11:16:44','2015-09-05 11:16:44'),
 (906,2058,'en',1,81,'null','2015-09-05 11:16:44','2015-09-05 11:16:44'),
 (985,2068,'en',1,2004,'/SiteEngine/Site/media/backspace-512.png','2015-09-05 14:45:05','2015-09-05 14:45:05'),
 (986,2068,'en',1,2005,'null','2015-09-05 14:45:05','2015-09-05 14:45:05'),
 (987,2068,'en',1,2006,'null','2015-09-05 14:45:05','2015-09-05 14:45:05'),
 (988,2068,'en',1,2007,'null','2015-09-05 14:45:05','2015-09-05 14:45:05'),
 (989,2068,'en',1,2027,'613','2015-09-05 14:45:05','2015-09-05 14:45:05');
INSERT INTO `fields` (`Id`,`ItemId`,`Language`,`Version`,`FieldId`,`Value`,`Created`,`Updated`) VALUES 
 (990,2068,'en',1,78,'76|77','2015-09-05 14:45:05','2015-09-05 14:45:05'),
 (991,2068,'en',1,78,'76|77','2015-09-05 14:45:05','2015-09-05 14:45:05'),
 (992,2068,'en',1,80,'null','2015-09-05 14:45:05','2015-09-05 14:45:05'),
 (993,2068,'en',1,80,'null','2015-09-05 14:45:05','2015-09-05 14:45:05'),
 (994,2068,'en',1,81,'null','2015-09-05 14:45:05','2015-09-05 14:45:05'),
 (995,2068,'en',1,81,'null','2015-09-05 14:45:05','2015-09-05 14:45:05');
/*!40000 ALTER TABLE `fields` ENABLE KEYS */;


--
-- Table structure for table `db_site_engine`.`items`
--

DROP TABLE IF EXISTS `items`;
CREATE TABLE `items` (
  `ID` bigint(20) unsigned NOT NULL auto_increment,
  `Name` varchar(256) NOT NULL,
  `TemplateID` bigint(20) default NULL,
  `MasterID` bigint(20) default NULL,
  `ParentID` bigint(20) default NULL,
  `Created` datetime NOT NULL,
  `Updated` datetime NOT NULL,
  UNIQUE KEY `ID` (`ID`)
) ENGINE=InnoDB AUTO_INCREMENT=2069 DEFAULT CHARSET=latin1;

--
-- Dumping data for table `db_site_engine`.`items`
--

/*!40000 ALTER TABLE `items` DISABLE KEYS */;
INSERT INTO `items` (`ID`,`Name`,`TemplateID`,`MasterID`,`ParentID`,`Created`,`Updated`) VALUES 
 (1,'engine',NULL,NULL,0,'2015-05-29 19:29:22','2015-05-29 19:29:22'),
 (2,'content',NULL,NULL,1,'2015-05-29 19:29:29','2015-05-29 19:29:29'),
 (3,'layout',75,NULL,1,'2015-05-29 19:29:29','2015-05-29 19:29:29'),
 (4,'system',75,NULL,1,'2015-08-03 15:25:07','2015-08-03 15:25:07'),
 (5,'templates',72,NULL,1,'2015-05-29 19:29:30','2015-05-29 19:29:30'),
 (70,'System',72,NULL,5,'2015-05-29 19:29:30','2015-05-29 19:29:30'),
 (71,'Common',NULL,NULL,5,'2015-05-29 19:29:30','2015-05-29 19:29:30'),
 (72,'Folder',75,NULL,71,'2015-05-29 19:29:30','2015-05-29 19:29:30'),
 (73,'Templates',72,NULL,70,'2015-05-29 19:29:30','2015-05-29 19:29:30'),
 (74,'Sections',72,NULL,73,'2015-05-29 19:29:30','2015-05-29 19:29:30'),
 (75,'Template',75,NULL,73,'2015-05-29 19:29:30','2015-05-29 19:29:30'),
 (76,'Insert Options',NULL,NULL,74,'2015-05-29 19:29:30','2015-05-29 19:29:30'),
 (77,'Layout',NULL,NULL,74,'2015-05-29 19:29:30','2015-05-29 19:29:30'),
 (78,'Base_Template',NULL,NULL,75,'2015-05-29 19:29:30','2015-05-29 19:29:30');
INSERT INTO `items` (`ID`,`Name`,`TemplateID`,`MasterID`,`ParentID`,`Created`,`Updated`) VALUES 
 (79,'Standard template',75,NULL,73,'2015-05-29 19:29:30','2015-05-29 19:29:30'),
 (80,'Insert_Options',NULL,NULL,76,'2015-05-29 19:29:30','2015-05-29 19:29:30'),
 (81,'Renderings',NULL,NULL,77,'2015-05-29 19:29:30','2015-05-29 19:29:30'),
 (84,'main',75,NULL,2,'2015-05-29 19:29:30','2015-05-29 19:29:30'),
 (100,'Layout',79,NULL,70,'2015-06-19 15:42:34','2015-06-19 15:42:34'),
 (101,'Path',-1,NULL,100,'2015-06-19 15:42:35','2015-06-19 15:42:35'),
 (102,'ContentHTML',-1,NULL,100,'2015-06-19 15:42:35','2015-06-19 15:42:35'),
 (103,'Sample layout',100,NULL,3,'2015-06-19 16:04:24','2015-06-19 16:04:24'),
 (114,'UserData',72,NULL,5,'2015-07-14 08:47:00','2015-07-14 08:47:00'),
 (115,'Iwith.org',72,NULL,114,'2015-07-14 08:56:44','2015-07-14 08:56:44'),
 (116,'Article',75,NULL,115,'2015-07-14 08:59:44','2015-07-14 08:59:44'),
 (117,'Header',-1,NULL,116,'2015-07-14 08:59:44','2015-07-14 08:59:44'),
 (118,'Content',-1,NULL,116,'2015-07-14 08:59:45','2015-07-14 08:59:45');
INSERT INTO `items` (`ID`,`Name`,`TemplateID`,`MasterID`,`ParentID`,`Created`,`Updated`) VALUES 
 (119,'Image',-1,NULL,116,'2015-07-14 08:59:45','2015-07-14 08:59:45'),
 (120,'ImageDescription',-1,NULL,116,'2015-07-14 08:59:45','2015-07-14 08:59:45'),
 (121,'NewsItem',75,NULL,115,'2015-07-14 09:03:10','2015-07-14 09:03:10'),
 (122,'Data',-1,NULL,121,'2015-07-14 09:03:10','2015-07-14 09:03:10'),
 (123,'Header',-1,NULL,121,'2015-07-14 09:03:10','2015-07-14 09:03:10'),
 (124,'Link',-1,NULL,121,'2015-07-14 09:03:10','2015-07-14 09:03:10'),
 (125,'ContentShort',-1,NULL,121,'2015-07-14 09:03:10','2015-07-14 09:03:10'),
 (126,'Iwith.org',72,NULL,3,'2015-07-14 09:19:26','2015-07-14 09:19:26'),
 (127,'mainLayout',100,NULL,126,'2015-07-14 09:23:07','2015-07-14 09:23:07'),
 (128,'HeaderMenuItem',75,NULL,115,'2015-07-15 11:59:07','2015-07-15 11:59:07'),
 (129,'Title',-1,NULL,128,'2015-07-15 11:59:07','2015-07-15 11:59:07'),
 (130,'HeaderMenu',72,NULL,115,'2015-07-15 12:00:28','2015-07-15 12:00:28'),
 (131,'OrganizaciónInfo',75,NULL,130,'2015-07-15 12:01:29','2015-07-15 12:01:29');
INSERT INTO `items` (`ID`,`Name`,`TemplateID`,`MasterID`,`ParentID`,`Created`,`Updated`) VALUES 
 (132,'Title',-1,NULL,131,'2015-07-15 12:01:29','2015-07-15 12:01:29'),
 (133,'Content',-1,NULL,131,'2015-07-15 12:01:29','2015-07-15 12:01:29'),
 (134,'Image',-1,NULL,131,'2015-07-15 12:01:29','2015-07-15 12:01:29'),
 (135,'HeaderMenu',72,NULL,84,'2015-07-15 12:03:14','2015-07-15 12:03:14'),
 (136,'Organizacion',72,NULL,135,'2015-07-15 12:04:04','2015-07-15 12:04:04'),
 (137,'Info',131,NULL,136,'2015-07-15 12:04:28','2015-07-15 12:04:28'),
 (138,'Home',131,NULL,135,'2015-07-16 17:04:08','2015-07-16 17:04:08'),
 (139,'Services',131,NULL,135,'2015-07-16 17:05:22','2015-07-16 17:05:22'),
 (141,'News',131,NULL,135,'2015-07-16 17:09:20','2015-07-16 17:09:20'),
 (142,'Link',75,NULL,115,'2015-07-20 12:17:19','2015-07-20 12:17:19'),
 (143,'Title',-1,NULL,142,'2015-07-20 12:17:19','2015-07-20 12:17:19'),
 (144,'Address',-1,NULL,142,'2015-07-20 12:17:20','2015-07-20 12:17:20'),
 (145,'Footer',72,NULL,84,'2015-07-20 12:17:45','2015-07-20 12:17:45'),
 (146,'InternetConsulting',142,NULL,145,'2015-07-20 12:18:39','2015-07-20 12:18:39');
INSERT INTO `items` (`ID`,`Name`,`TemplateID`,`MasterID`,`ParentID`,`Created`,`Updated`) VALUES 
 (147,'Working online',142,NULL,145,'2015-07-20 12:19:47','2015-07-20 12:19:47'),
 (148,'Template Field',75,NULL,73,'2015-07-21 13:24:16','2015-07-21 13:24:16'),
 (150,'Type',-1,NULL,148,'2015-07-21 13:24:16','2015-07-21 13:24:16'),
 (323,'templ1',75,NULL,73,'2015-07-31 16:54:22','2015-07-31 16:54:22'),
 (324,'f1',148,NULL,323,'2015-07-31 16:54:22','2015-07-31 16:54:22'),
 (325,'f2',148,NULL,323,'2015-07-31 16:54:22','2015-07-31 16:54:22'),
 (326,'test1',323,NULL,84,'2015-07-31 16:59:37','2015-07-31 16:59:37'),
 (331,'test2',327,NULL,84,'2015-08-03 15:25:07','2015-08-03 15:25:07'),
 (337,'DataTypes',72,NULL,4,'2015-08-14 13:37:58','2015-08-14 13:37:58'),
 (338,'Type',75,NULL,73,'2015-08-14 13:42:31','2015-08-14 13:42:31'),
 (339,'Parameters',148,NULL,338,'2015-08-14 13:42:31','2015-08-14 13:42:31'),
 (340,'Control',148,NULL,338,'2015-08-14 13:42:31','2015-08-14 13:42:31'),
 (342,'Single-Line',338,NULL,337,'2015-08-14 13:43:53','2015-08-14 13:43:53'),
 (343,'Integer',338,NULL,337,'2015-08-14 13:43:58','2015-08-14 13:43:58');
INSERT INTO `items` (`ID`,`Name`,`TemplateID`,`MasterID`,`ParentID`,`Created`,`Updated`) VALUES 
 (344,'Rich Text',338,NULL,337,'2015-08-14 13:44:04','2015-08-14 13:44:04'),
 (345,'Image',338,NULL,337,'2015-08-14 13:44:12','2015-08-14 13:44:12'),
 (346,'Number',338,NULL,337,'2015-08-14 13:44:23','2015-08-14 13:44:23'),
 (347,'Datetime',338,NULL,337,'2015-08-14 13:44:33','2015-08-14 13:44:33'),
 (348,'temp2',75,NULL,73,'2015-08-14 14:57:30','2015-08-14 14:57:30'),
 (349,'f1',148,NULL,348,'2015-08-14 14:57:30','2015-08-14 14:57:30'),
 (350,'f2',148,NULL,348,'2015-08-14 14:57:30','2015-08-14 14:57:30'),
 (351,'f3',148,NULL,348,'2015-08-14 15:28:26','2015-08-14 15:28:26'),
 (352,'test3',348,NULL,84,'2015-08-14 15:29:56','2015-08-14 15:29:56'),
 (2000,'media',72,NULL,1,'2015-08-14 15:29:56','2015-08-14 15:29:56'),
 (2001,'Media',72,NULL,70,'2015-08-27 13:32:05','2015-08-27 13:32:05'),
 (2003,'MediaItem',75,NULL,2001,'2015-08-27 13:39:39','2015-08-27 13:39:39'),
 (2004,'Src',148,NULL,2003,'2015-08-27 13:39:39','2015-08-27 13:39:39'),
 (2005,'Width',148,NULL,2003,'2015-08-27 13:39:39','2015-08-27 13:39:39');
INSERT INTO `items` (`ID`,`Name`,`TemplateID`,`MasterID`,`ParentID`,`Created`,`Updated`) VALUES 
 (2006,'Height',148,NULL,2003,'2015-08-27 13:39:39','2015-08-27 13:39:39'),
 (2007,'Alternative Text',148,NULL,2003,'2015-08-27 13:39:39','2015-08-27 13:39:39'),
 (2027,'Blob',148,NULL,2003,'2015-09-04 10:39:28','2015-09-04 10:39:28'),
 (2028,'test4',2003,NULL,2000,'2015-09-04 10:40:37','2015-09-04 10:40:37'),
 (2058,'Blob',338,NULL,337,'2015-09-05 11:16:38','2015-09-05 11:16:38'),
 (2068,'backspace-512.png',2003,NULL,2000,'2015-09-05 14:45:05','2015-09-05 14:45:05');
/*!40000 ALTER TABLE `items` ENABLE KEYS */;


--
-- Table structure for table `db_site_engine`.`user_roles`
--

DROP TABLE IF EXISTS `user_roles`;
CREATE TABLE `user_roles` (
  `id` bigint(20) unsigned NOT NULL auto_increment,
  `name` varchar(45) NOT NULL default '',
  PRIMARY KEY  (`id`)
) ENGINE=InnoDB AUTO_INCREMENT=6 DEFAULT CHARSET=latin1;

--
-- Dumping data for table `db_site_engine`.`user_roles`
--

/*!40000 ALTER TABLE `user_roles` DISABLE KEYS */;
INSERT INTO `user_roles` (`id`,`name`) VALUES 
 (1,'administrator'),
 (2,'editor'),
 (3,'author'),
 (4,'user'),
 (5,'subscriber');
/*!40000 ALTER TABLE `user_roles` ENABLE KEYS */;


--
-- Table structure for table `db_site_engine`.`users`
--

DROP TABLE IF EXISTS `users`;
CREATE TABLE `users` (
  `id` bigint(20) unsigned NOT NULL auto_increment,
  `name` varchar(45) NOT NULL default '',
  `fullname` varchar(80) NOT NULL default '',
  `role` bigint(20) unsigned NOT NULL default '0',
  `email` varchar(45) NOT NULL default '',
  `password` varchar(60) NOT NULL default '',
  `comment` varchar(300) NOT NULL default '',
  `language` varchar(10) NOT NULL default '',
  PRIMARY KEY  (`id`),
  KEY `FK_role` (`role`),
  CONSTRAINT `FK_role` FOREIGN KEY (`role`) REFERENCES `user_roles` (`id`)
) ENGINE=InnoDB AUTO_INCREMENT=10 DEFAULT CHARSET=latin1;

--
-- Dumping data for table `db_site_engine`.`users`
--

/*!40000 ALTER TABLE `users` DISABLE KEYS */;
INSERT INTO `users` (`id`,`name`,`fullname`,`role`,`email`,`password`,`comment`,`language`) VALUES 
 (5,'admin','admin',1,'admin@mail.ru','sha1$5a74ab62$1$976cad07adc0e42c89e03836e8d760f24397b6a3','',''),
 (8,'user','user',4,'user@mail.ru','sha1$2622dc63$1$70e5c9a48814dbba3d2cf81576e75bcf2e2fbe1e','',''),
 (9,'editor','editor',2,'editor@mail.ru','sha1$1c5c932a$1$6264963e657d8edfc328dd2e560ed047ed8c4515','','');
/*!40000 ALTER TABLE `users` ENABLE KEYS */;

/*!40101 SET SQL_MODE=@OLD_SQL_MODE */;
/*!40014 SET FOREIGN_KEY_CHECKS=@OLD_FOREIGN_KEY_CHECKS */;
/*!40014 SET UNIQUE_CHECKS=@OLD_UNIQUE_CHECKS */;
/*!40101 SET CHARACTER_SET_CLIENT=@OLD_CHARACTER_SET_CLIENT */;
/*!40101 SET CHARACTER_SET_RESULTS=@OLD_CHARACTER_SET_RESULTS */;
/*!40101 SET COLLATION_CONNECTION=@OLD_COLLATION_CONNECTION */;
/*!40101 SET CHARACTER_SET_CLIENT=@OLD_CHARACTER_SET_CLIENT */;
